id,question_clean,answer_ref,source,noise_type,question_noisy
0,Do you have information about A1C,"Summary : A1C is a blood test for type 2 diabetes and prediabetes. It measures your average blood glucose, or blood sugar, level over the past 3 months. Doctors may use the A1C alone or in combination with other diabetes tests to make a diagnosis. They also use the A1C to see how well you are managing your diabetes. This test is different from the blood sugar checks that people with diabetes do every day. Your A1C test result is given in percentages. The higher the percentage, the higher your blood sugar levels have been: - A normal A1C level is below 5.7 percent - Prediabetes is between 5.7 to 6.4 percent. Having prediabetes is a risk factor for getting type 2 diabetes. People with prediabetes may need retests every year. - Type 2 diabetes is above 6.5 percent - If you have diabetes, you should have the A1C test at least twice a year. The A1C goal for many people with diabetes is below 7. It may be different for you. Ask what your goal should be. If your A1C result is too high, you may need to change your diabetes care plan. NIH: National Institute of Diabetes and Digestive and Kidney Diseases",,typos_grammar,"do you got any info rmation abotu A1C , like what it is an how it works?"
1,What is (are) Abdominal Pain ?,"Your abdomen extends from below your chest to your groin. Some people call it the stomach, but your abdomen contains many other important organs. Pain in the abdomen can come from any one of them. The pain may start somewhere else, such as your chest. Severe pain doesn't always mean a serious problem. Nor does mild pain mean a problem is not serious. Call your healthcare provider if mild pain lasts a week or more or if you have pain with other symptoms. Get medical help immediately if - You have abdominal pain that is sudden and sharp - You also have pain in your chest, neck or shoulder - You're vomiting blood or have blood in your stool - Your abdomen is stiff, hard and tender to touch - You can't move your bowels, especially if you're also vomiting",,ambiguity,"what does it mean if your stomach/belly area is hurting inside, like that kind of pain in the middle, or around there, is that just a regular stomach ache or something else?"
2,What is (are) Abortion ?,"An abortion is a procedure to end a pregnancy. It uses medicine or surgery to remove the embryo or fetus and placenta from the uterus. The procedure is done by a licensed health care professional. The decision to end a pregnancy is very personal. If you are thinking of having an abortion, most healthcare providers advise counseling.",,layperson,"what does it mean when a pregancy gets ended early or the baby is not kept, like how does that whole thing happen and what is it exactly ?"
3,What is (are) Abscess ?,"An abscess is a pocket of pus. You can get an abscess almost anywhere in your body. When an area of your body becomes infected, your body's immune system tries to fight the infection. White blood cells go to the infected area, collect within the damaged tissue, and cause inflammation. During this process, pus forms. Pus is a mixture of living and dead white blood cells, germs, and dead tissue. Bacteria, viruses, parasites and swallowed objects can all lead to abscesses. Skin abscesses are easy to detect. They are red, raised and painful. Abscesses inside your body may not be obvious and can damage organs, including the brain, lungs and others. Treatments include drainage and antibiotics.",,incomplete,what is that painful swollen thing with pus?
4,What is (are) Acne ?,"Acne is a common skin disease that causes pimples. Pimples form when hair follicles under your skin clog up. Most pimples form on the face, neck, back, chest, and shoulders. Anyone can get acne, but it is common in teenagers and young adults. It is not serious, but it can cause scars. No one knows exactly what causes acne. Hormone changes, such as those during the teenage years and pregnancy, probably play a role. There are many myths about what causes acne. Chocolate and greasy foods are often blamed, but there is little evidence that foods have much effect on acne in most people. Another common myth is that dirty skin causes acne; however, blackheads and pimples are not caused by dirt. Stress doesn't cause acne, but stress can make it worse. If you have acne - Clean your skin gently - Try not to touch your skin - Avoid the sun Treatments for acne include medicines and creams. NIH: National Institute of Arthritis and Musculoskeletal and Skin Diseases",,overgeneralization,"What is that skin break out stuff, like when your face an maybe back gets little bumps n red spots, is it just a normal skin problem or some bigger body thing?"
5,What is (are) Acoustic Neuroma ?,"An acoustic neuroma is a benign tumor that develops on the nerve that connects the ear to the brain. The tumor usually grows slowly. As it grows, it presses against the hearing and balance nerves. At first, you may have no symptoms or mild symptoms. They can include - Loss of hearing on one side - Ringing in ears - Dizziness and balance problems The tumor can also eventually cause numbness or paralysis of the face. If it grows large enough, it can press against the brain, becoming life-threatening. Acoustic neuroma can be difficult to diagnose, because the symptoms are similar to those of middle ear problems. Ear exams, hearing tests, and scans can show if you have it. If the tumor stays small, you may only need to have it checked regularly. If you do need treatment, surgery and radiation are options. If the tumors affect both hearing nerves, it is often because of a genetic disorder called neurofibromatosis. NIH: National Institute on Deafness and Communication Disorders",,typos_grammar,what is/are accoustic neuoroma exacly ?
6,Do you have information about Acupuncture,"Summary : Acupuncture has been practiced in China and other Asian countries for thousands of years. Acupuncture involves stimulating specific points on the body. This is most often done by inserting thin needles through the skin, to cause a change in the physical functions of the body. Research has shown that acupuncture reduces nausea and vomiting after surgery and chemotherapy. It can also relieve pain. Researchers don't fully understand how acupuncture works. It might aid the activity of your body's pain-killing chemicals. It also might affect how you release chemicals that regulate blood pressure and flow. NIH: National Center for Complementary and Integrative Health",,ambiguity,"Do you know much about that needle kind of thing people do for pain n stuff, like what its for or if it actually helps?"
7,What is (are) Acute Bronchitis ?,"Bronchitis is an inflammation of the bronchial tubes, the airways that carry air to your lungs. It causes a cough that often brings up mucus. It can also cause shortness of breath, wheezing, a low fever, and chest tightness. There are two main types of bronchitis: acute and chronic. Most cases of acute bronchitis get better within several days. But your cough can last for several weeks after the infection is gone. The same viruses that cause colds and the flu often cause acute bronchitis. These viruses spread through the air when people cough, or though physical contact (for example, on unwashed hands). Being exposed to tobacco smoke, air pollution, dusts, vapors, and fumes can also cause acute bronchitis. Less often, bacteria can also cause acute bronchitis. To diagnose acute bronchitis, your health care provider will ask about your symptoms and listen to your breathing. You may also have other tests. Treatments include rest, fluids, and aspirin (for adults) or acetaminophen to treat fever. A humidifier or steam can also help. You may need inhaled medicine to open your airways if you are wheezing. Antibiotics won't help if the cause is viral. You may get antibiotics if the cause is bacterial. NIH: National Heart, Lung, and Blood Institute",,layperson,"what is that chest/throat thing called when u get a bad cough n lots of mucus cuz the breathing tubes are all irritated or infected for a short bit, like not pneumonia but kinda in there?"
8,What is (are) Acute Lymphocytic Leukemia ?,"Leukemia is cancer of the white blood cells. White blood cells help your body fight infection. Your blood cells form in your bone marrow. In leukemia, however, the bone marrow produces abnormal white blood cells. These cells crowd out the healthy blood cells, making it hard for blood to do its work. In acute lymphocytic leukemia (ALL), also called acute lymphoblastic leukemia, there are too many of specific types of white blood cells called lymphocytes or lymphoblasts. ALL is the most common type of cancer in children. Possible risk factors for ALL include being male, being white, previous chemotherapy treatment, exposure to radiation, and for adults, being older than 70. Symptoms of ALL include: - Weakness or feeling tired - Fever - Easy bruising or bleeding - Bleeding under the skin - Shortness of breath - Weight loss or loss of appetite - Pain in the bones or stomach - Pain or a feeling of fullness below the ribs - Painless lumps in the neck, underarm, stomach, or groin Tests that examine the blood and bone marrow diagnose ALL. Treatments include chemotherapy, radiation therapy, stem cell transplants, and targeted therapy. Targeted therapy uses substances that attack cancer cells without harming normal cells. Once the leukemia is in remission, you need additional treatment to make sure that it does not come back. NIH: National Cancer Institute",,incomplete,"What is acute leukemia, exactly?"
9,What is (are) Acute Myeloid Leukemia ?,"Leukemia is cancer of the white blood cells. White blood cells help your body fight infection. Your blood cells form in your bone marrow. In leukemia, however, the bone marrow produces abnormal white blood cells. These cells crowd out the healthy blood cells, making it hard for blood to do its work. In acute myeloid leukemia (AML), there are too many of a specific type of white blood cell called a myeloblast. AML is the most common type of acute leukemia in adults. This type of cancer usually gets worse quickly if it is not treated. Possible risk factors include smoking, previous chemotherapy treatment, and exposure to radiation. Symptoms of AML include: - Fever - Shortness of breath - Easy bruising or bleeding - Bleeding under the skin - Weakness or feeling tired - Weight loss or loss of appetite Tests that examine the blood and bone marrow diagnose AML. Treatments include chemotherapy, other drugs, radiation therapy, stem cell transplants, and targeted therapy. Targeted therapy uses substances that attack cancer cells without harming normal cells. Once the leukemia is in remission, you need additional treatment to make sure that it does not come back. NIH: National Cancer Institute",,overgeneralization,"what is this kind of serious blood problem/cancer thing where the bone marrow makes too many bad white cells, and what does it even mean for someone health overall?"
10,What is (are) Addison Disease ?,"Your adrenal glands are just above your kidneys. The outside layer of these glands makes hormones that help your body respond to stress and regulate your blood pressure and water and salt balance. Addison disease happens if the adrenal glands don't make enough of these hormones. A problem with your immune system usually causes Addison disease. The immune system mistakenly attacks your own tissues, damaging your adrenal glands. Other causes include infections and cancer. Symptoms include - Weight loss - Muscle weakness - Fatigue that gets worse over time - Low blood pressure - Patchy or dark skin Lab tests can confirm that you have Addison disease. If you don't treat it, it can be fatal. You will need to take hormone pills for the rest of your life. If you have Addison disease, you should carry an emergency ID. It should say that you have the disease, list your medicines and say how much you need in an emergency. NIH: National Institute of Diabetes and Digestive and Kidney Diseases",,typos_grammar,"what is addison disease ,, like what does it actualy do to youre body ?"
11,What is (are) Adhesions ?,"Adhesions are bands of scar-like tissue. Normally, internal tissues and organs have slippery surfaces so they can shift easily as the body moves. Adhesions cause tissues and organs to stick together. They might connect the loops of the intestines to each other, to nearby organs, or to the wall of the abdomen. They can pull sections of the intestines out of place. This may block food from passing through the intestine. Adhesions can occur anywhere in the body. But they often form after surgery on the abdomen. Almost everyone who has surgery on the abdomen gets adhesions. Some adhesions don't cause any problems. But when they partly or completely block the intestines, they cause symptoms such as - Severe abdominal pain or cramping - Vomiting - Bloating - An inability to pass gas - Constipation Adhesions can sometimes cause infertility in women by preventing fertilized eggs from reaching the uterus. No tests are available to detect adhesions. Doctors usually find them during surgery to diagnose other problems. Some adhesions go away by themselves. If they partly block your intestines, a diet low in fiber can allow food to move easily through the affected area. If you have a complete intestinal obstruction, it is life threatening. You should get immediate medical attention and may need surgery. NIH: National Institute of Diabetes and Digestive and Kidney Diseases",,ambiguity,"What does it mean when stuff inside your body kind of sticks together after something, like is that the same as those internal scar-band things?"
12,Do you have information about Adoption,"Summary : Adoption brings a child born to other parents into a new family. Birth parents have a number of reasons for placing children for adoption. Overall, they want better lives for their children than they think they can give them. Children who are eligible for adoption come from many different settings. Some are in foster care, a temporary home setting. Other children live in orphanages or with birth relatives until they can be adopted. There are different kinds of adoption. Children may be adopted by a relative or a new family. Some parents adopt children from the U.S, and some adopt from abroad.",,layperson,"do u have any info or stuff abt, like, when a kid gets taken in by another family n how that all works maybe?"
13,What is (are) Adrenal Gland Cancer ?,"Your adrenal, or suprarenal, glands are located on the top of each kidney. These glands produce hormones that you can't live without, including sex hormones and cortisol, which helps you respond to stress and has many other functions. A number of disorders can affect the adrenal glands, including tumors. Tumors can be either benign or malignant. Benign tumors aren't cancer. Malignant ones are. Most adrenal gland tumors are benign. They usually do not cause symptoms and may not require treatment. Malignant adrenal gland cancers are uncommon. Types of tumors include - Adrenocortical carcinoma - cancer in the outer part of the gland - Neuroblastoma, a type of childhood cancer - Pheochromocytoma - a rare tumor that is usually benign Symptoms depend on the type of cancer you have. Treatments may include surgery, chemotherapy, or radiation therapy.",,incomplete,"wht is that kinda cancer in the little glands on top the kidneys, like what does it even mean ?"
14,What is (are) Adrenal Gland Disorders ?,"The adrenal glands are small glands located on top of each kidney. They produce hormones that you can't live without, including sex hormones and cortisol. Cortisol helps you respond to stress and has many other important functions. With adrenal gland disorders, your glands make too much or not enough hormones. In Cushing's syndrome, there's too much cortisol, while with Addison's disease, there is too little. Some people are born unable to make enough cortisol. Causes of adrenal gland disorders include - Genetic mutations - Tumors including pheochromocytomas - Infections - A problem in another gland, such as the pituitary, which helps to regulate the adrenal gland - Certain medicines Treatment depends on which problem you have. Surgery or medicines can treat many adrenal gland disorders. NIH: National Institute of Child Health and Human Development",,overgeneralization,"what are the diff kinds of hormone gland problems in the body, esp the little ones by the kidneys, and how do those issues usually mess you up or make you feel off ?"
15,Do you have information about Advance Directives,"Summary : What kind of medical care would you want if you were too ill or hurt to express your wishes? Advance directives are legal documents that allow you to spell out your decisions about end-of-life care ahead of time. They give you a way to tell your wishes to family, friends, and health care professionals and to avoid confusion later on. A living will tells which treatments you want if you are dying or permanently unconscious. You can accept or refuse medical care. You might want to include instructions on - The use of dialysis and breathing machines - If you want to be resuscitated if your breathing or heartbeat stops - Tube feeding - Organ or tissue donation A durable power of attorney for health care is a document that names your health care proxy. Your proxy is someone you trust to make health decisions for you if you are unable to do so. NIH: National Cancer Institute",,typos_grammar,"Do u have any informaiton abotu Advance Directvies, like what it is an how they work ?"
16,Do you have information about African American Health,"Summary : Every racial or ethnic group has specific health concerns. Differences in the health of groups can result from - Genetics - Environmental factors - Access to care - Cultural factors On this page, you'll find links to health issues that affect African Americans.",,ambiguity,"Do you have any info on health stuff for Black people, like the kinds of problems that come up more or things they should watch for?"
17,What is (are) After Surgery ?,"After any operation, you'll have some side effects. There is usually some pain with surgery. There may also be swelling and soreness around the area that the surgeon cut. Your surgeon can tell you which side effects to expect. There can also be complications. These are unplanned events linked to the operation. Some complications are infection, too much bleeding, reaction to anesthesia, or accidental injury. Some people have a greater risk of complications because of other medical conditions. Your surgeon can tell you how you might feel and what you will be able to do - or not do - the first few days, weeks, or months after surgery. Some other questions to ask are - How long you will be in the hospital - What kind of supplies, equipment, and help you might need when you go home - When you can go back to work - When it is ok to start exercising again - Are they any other restrictions in your activities Following your surgeon's advice can help you recover as soon as possible. Agency for Healthcare Quality and Research",,layperson,"what all can happn after you get somthing done at the hospitol, like after they fix stuff and your home agian ?"
18,Do you have information about Air Pollution,"Summary : Air pollution is a mixture of solid particles and gases in the air. Car emissions, chemicals from factories, dust, pollen and mold spores may be suspended as particles. Ozone, a gas, is a major part of air pollution in cities. When ozone forms air pollution, it's also called smog. Some air pollutants are poisonous. Inhaling them can increase the chance you'll have health problems. People with heart or lung disease, older adults and children are at greater risk from air pollution. Air pollution isn't just outside - the air inside buildings can also be polluted and affect your health. Environmental Protection Agency",,incomplete,do u have any info on bad air stuff and what it can do?
19,Do you have information about Alcohol,"Summary : If you are like many Americans, you drink alcohol at least occasionally. For many people, moderate drinking is probably safe. It may even have health benefits, including reducing your risk of certain heart problems. For most women and for most people over 65, moderate drinking is no more than three drinks a day or seven drinks per week. For men under 65, it is no more than four drinks a day or 14 drinks per week. Some people should not drink at all, including alcoholics, children, pregnant women, people taking certain medicines, and people with certain medical conditions. If you have questions about whether it is safe for you to drink, speak with your health care provider. Anything more than moderate drinking can be risky. Heavy drinking can lead to alcoholism and alcohol abuse, as well as injuries, liver disease, heart disease, cancer, and other health problems. It can also cause problems at home, at work, and with friends. NIH: National Institute on Alcohol Abuse and Alcoholism",,overgeneralization,do you have any info on things people use or drink and how that
20,What is (are) Alcoholism and Alcohol Abuse ?,"For most adults, moderate alcohol use is probably not harmful. However, about 18 million adult Americans have an alcohol use disorder. This means that their drinking causes distress and harm. It includes alcoholism and alcohol abuse. Alcoholism, or alcohol dependence, is a disease that causes - Craving - a strong need to drink - Loss of control - not being able to stop drinking once you've started - Physical dependence - withdrawal symptoms - Tolerance - the need to drink more alcohol to feel the same effect With alcohol abuse, you are not physically dependent, but you still have a serious problem. The drinking may cause problems at home, work, or school. It may cause you to put yourself in dangerous situations, or lead to legal or social problems. Another common problem is binge drinking. It is drinking about five or more drinks in two hours for men. For women, it is about four or more drinks in two hours. Too much alcohol is dangerous. Heavy drinking can increase the risk of certain cancers. It can cause damage to the liver, brain, and other organs. Drinking during pregnancy can harm your baby. Alcohol also increases the risk of death from car crashes, injuries, homicide, and suicide. If you want to stop drinking, there is help. Start by talking to your health care provider. Treatment may include medicines, counseling, and support groups. NIH: National Institute on Alcohol Abuse and Alcoholism",,typos_grammar,"What is alchoholism and alchohol abuse, are they the same thing or not ?"
21,What is (are) Allergy ?,"An allergy is a reaction by your immune system to something that does not bother most other people. People who have allergies often are sensitive to more than one thing. Substances that often cause reactions are - Pollen - Dust mites - Mold spores - Pet dander - Food - Insect stings - Medicines Normally, your immune system fights germs. It is your body's defense system. In most allergic reactions, however, it is responding to a false alarm. Genes and the environment probably both play a role. Allergies can cause a variety of symptoms such as a runny nose, sneezing, itching, rashes, swelling, or asthma. Allergies can range from minor to severe. Anaphylaxis is a severe reaction that can be life-threatening. Doctors use skin and blood tests to diagnose allergies. Treatments include medicines, allergy shots, and avoiding the substances that cause the reactions. NIH: National Institute of Allergy and Infectious Diseases",,ambiguity,"when your body acts up around certain stuff and you get weird reactions, what is that whole thing actually?"
22,What is (are) Alpha-1 Antitrypsin Deficiency ?,"Alpha-1 antitrypsin deficiency (AAT deficiency) is an inherited condition that raises your risk for lung and liver disease. Alpha-1 antitrypsin (AAT) is a protein that protects the lungs. The liver makes it. If the AAT proteins aren't the right shape, they get stuck in the liver cells and can't reach the lungs. Symptoms of AAT deficiency include - Shortness of breath and wheezing - Repeated lung infections - Tiredness - Rapid heartbeat upon standing - Vision problems - Weight loss Some people have no symptoms and do not develop complications. Blood tests and genetic tests can tell if you have it. If your lungs are affected, you may also have lung tests. Treatments include medicines, pulmonary rehab, and extra oxygen, if needed. Severe cases may need a lung transplant. Not smoking can prevent or delay lung symptoms. NIH: National Heart, Lung, and Blood Institute",,layperson,"what is that inherted thing where your body doesnt make enough of some protien to protect the lungs n maybe liver too, like why do ppl get it and what does it even do ?"
23,What is (are) Alzheimer's Caregivers ?,"Caring for someone who has Alzheimer's disease (AD) can be stressful and overwhelming. It's important to take care of yourself. Ask for and accept help. Talk to the doctor. Find out what treatments might help control symptoms or address behavior problems. Find a support group. Others who have ""been there"" may be able to help and will understand. If there are times of day that the person is less confused or more cooperative, take advantage of that in daily routines. Consider using adult day care or respite services. These offer a break with the peace of mind that the patient is being taken care of. Begin to plan for the future. This may include - Getting financial and legal documents in order - Looking into assisted living or nursing homes - Finding out what your health insurance and Medicare will cover NIH: National Institute on Aging",,incomplete,"what are the people who take care of someone like this with bad memory stuff called, and what do they even do for them?"
24,What is (are) Alzheimer's Disease ?,"Alzheimer's disease (AD) is the most common form of dementia among older people. Dementia is a brain disorder that seriously affects a person's ability to carry out daily activities. AD begins slowly. It first involves the parts of the brain that control thought, memory and language. People with AD may have trouble remembering things that happened recently or names of people they know. A related problem, mild cognitive impairment (MCI), causes more memory problems than normal for people of the same age. Many, but not all, people with MCI will develop AD. In AD, over time, symptoms get worse. People may not recognize family members. They may have trouble speaking, reading or writing. They may forget how to brush their teeth or comb their hair. Later on, they may become anxious or aggressive, or wander away from home. Eventually, they need total care. This can cause great stress for family members who must care for them. AD usually begins after age 60. The risk goes up as you get older. Your risk is also higher if a family member has had the disease. No treatment can stop the disease. However, some drugs may help keep symptoms from getting worse for a limited time. NIH: National Institute on Aging",,overgeneralization,"what is that kind of old-age brain/memory problem where poeple get real forgetfull and confused over time, like is it just normal aging or some bigger mental health thing or what dose it even mean?"
25,What is (are) Amblyopia ?,"Amblyopia, or ""lazy eye,"" is the most common cause of visual impairment in children. It happens when an eye fails to work properly with the brain. The eye may look normal, but the brain favors the other eye. In some cases, it can affect both eyes. Causes include - Strabismus - a disorder in which the two eyes don't line up in the same direction - Refractive error in an eye - when one eye cannot focus as well as the other, because of a problem with its shape. This includes nearsightedness, farsightedness, and astigmatism. - Cataract - a clouding in the lens of the eye It can be hard to diagnose amblyopia. It is often found during a routine vision exam. Treatment for amblyopia forces the child to use the eye with weaker vision. There are two common ways to do this. One is to have the child wear a patch over the good eye for several hours each day, over a number of weeks to months. The other is with eye drops that temporarily blur vision. Each day, the child gets a drop of a drug called atropine in the stronger eye. It is also sometimes necessary to treat the underlying cause. This could include glasses or surgery. NIH: National Eye Institute",,typos_grammar,"what is amblyopai exactly , and how dose it affect the eye ?"
26,What is (are) Amyloidosis ?,"Amyloidosis occurs when abnormal proteins called amyloids build up and form deposits. The deposits can collect in organs such as the kidney and heart. This can cause the organs to become stiff and unable to work the way they should. There are three main types of amyloidosis: - Primary - with no known cause - Secondary - caused by another disease, including some types of cancer - Familial - passed down through genes Symptoms can vary, depending upon which organs are affected. Treatment depends on the type of amyloidosis you have. The goal is to help with symptoms and limit the production of proteins. If another disease is the cause, it needs to be treated.",,ambiguity,What is that condition where some kind of stuff builds up in the body/organs and starts causing problems?
27,What is (are) Amyotrophic Lateral Sclerosis ?,"Amyotrophic lateral sclerosis (ALS) is a nervous system disease that attacks nerve cells called neurons in your brain and spinal cord. These neurons transmit messages from your brain and spinal cord to your voluntary muscles - the ones you can control, like in your arms and legs. At first, this causes mild muscle problems. Some people notice - Trouble walking or running - Trouble writing - Speech problems Eventually, you lose your strength and cannot move. When muscles in your chest fail, you cannot breathe. A breathing machine can help, but most people with ALS die from respiratory failure. The disease usually strikes between age 40 and 60. More men than women get it. No one knows what causes ALS. It can run in families, but usually it strikes at random. There is no cure. Medicines can relieve symptoms and, sometimes, prolong survival. NIH: National Institute of Neurological Disorders and Stroke",,layperson,"what is that nerve/muscle wasting thing called, where a person gets weaker n weaker, cant move right or talk good after awhile, is it like a body shutting down disease or somthing?"
28,Do you have information about Anabolic Steroids,"Summary : Anabolic steroids are man-made substances related to male sex hormones. Doctors use anabolic steroids to treat some hormone problems in men, delayed puberty, and muscle loss from some diseases. Bodybuilders and athletes often use anabolic steroids to build muscles and improve athletic performance. Using them this way is not legal or safe. Abuse of anabolic steroids has been linked with many health problems. They include - Acne - Breast growth and shrinking of testicles in men - Voice deepening and growth of facial hair in women - High blood pressure - Heart problems, including heart attack - Liver disease, including cancer - Kidney damage - Aggressive behavior NIH: National Institute on Drug Abuse",,incomplete,do you hav any info on those muscle-building stuff?
29,What is (are) Anal Cancer ?,"The anus is where stool leaves your body when you go to the bathroom. It is made up of your outer layers of skin and the end of your large intestine. Anal cancer is a disease in which cancer cells form in the tissues of the anus. Anal cancer is rare. It is more common in smokers and people over 50. You are also at higher risk if you have HPV, have anal sex, or have many sexual partners. Symptoms include bleeding, pain, or lumps in the anal area. Anal itching and discharge can also be signs of anal cancer. Doctors use tests that examine the anus to diagnose anal cancer. They include a physical exam, endoscopy, ultrasound, and biopsy. Treatments include radiation therapy, chemotherapy, and surgery. NIH: National Cancer Institute",,overgeneralization,"what is it called when theres a really bad growth or sick problem down there in the bottom area, like cancer or somthing, and what does that even mean for a person?"
30,What is (are) Anal Disorders ?,"The anus is the opening of the rectum through which stool passes out of your body. Problems with the anus are common. They include hemorrhoids, abscesses, fissures (cracks), and cancer. You may be embarrassed to talk about your anal troubles. But it is important to let your doctor know, especially if you have pain or bleeding. The more details you can give about your problem, the better your doctor will be able to help you. Treatments vary depending on the particular problem. NIH: National Institute of Diabetes and Digestive and Kidney Diseases",,typos_grammar,"what are anal disordrs exacly, and how do they happn ?"
31,What is (are) Anaphylaxis ?,"Anaphylaxis is a serious allergic reaction. It can begin very quickly, and symptoms may be life-threatening. The most common causes are reactions to foods (especially peanuts), medications, and stinging insects. Other causes include exercise and exposure to latex. Sometimes no cause can be found. It can affect many organs: - Skin - itching, hives, redness, swelling - Nose - sneezing, stuffy nose, runny nose - Mouth - itching, swelling of the lips or tongue - Throat - itching, tightness, trouble swallowing, swelling of the back of the throat - Chest - shortness of breath, coughing, wheezing, chest pain or tightness - Heart - weak pulse, passing out, shock - Gastrointestinal tract - vomiting, diarrhea, cramps - Nervous system - dizziness or fainting If someone is having a serious allergic reaction, call 9-1-1. If an auto-injector is available, give the person the injection right away. NIH: National Institute of Allergy and Infectious Diseases",,ambiguity,"when somebody suddenly has a really bad allergic thing, like throat geting tight, cant breath good, maybe rash n swelling all at once, what is that even called or is it just a severe reaction?"
32,Do you have information about Anatomy,"Summary : Anatomy is the science that studies the structure of the body. On this page, you'll find links to descriptions and pictures of the human body's parts and organ systems from head to toe.",,layperson,"do u got any info on how the body is put togther, like where all the inside parts are and what they kinda do maybe?"
33,What is (are) Anemia ?,"If you have anemia, your blood does not carry enough oxygen to the rest of your body. The most common cause of anemia is not having enough iron. Your body needs iron to make hemoglobin. Hemoglobin is an iron-rich protein that gives the red color to blood. It carries oxygen from the lungs to the rest of the body. Anemia has three main causes: blood loss, lack of red blood cell production, and high rates of red blood cell destruction. Conditions that may lead to anemia include - Heavy periods - Pregnancy - Ulcers - Colon polyps or colon cancer - Inherited disorders - A diet that does not have enough iron, folic acid or vitamin B12 - Blood disorders such as sickle cell anemia and thalassemia, or cancer - Aplastic anemia, a condition that can be inherited or acquired - G6PD deficiency, a metabolic disorder Anemia can make you feel tired, cold, dizzy, and irritable. You may be short of breath or have a headache. Your doctor will diagnose anemia with a physical exam and blood tests. Treatment depends on the kind of anemia you have. NIH: National Heart, Lung, and Blood Institute",,incomplete,what does it mean when your blood is low or you dont have enough of it?
34,What is (are) Anesthesia ?,"If you are having surgery, your doctor will give you medicine called an anesthetic. Anesthetics reduce or prevent pain. There are three main types: - Local - numbs one small area of the body. You stay awake and alert. - Regional - blocks pain in an area of the body, such an arm or leg. A common type is epidural anesthesia, which is often used during childbirth. - General - makes you unconscious. You do not feel any pain, and you do not remember the procedure afterwards. You may also get a mild sedative to relax you. You stay awake but may not remember the procedure afterwards. Sedation can be used with or without anesthesia. The type of anesthesia or sedation you get depends on many factors. They include the procedure you are having and your current health.",,overgeneralization,"what is that stuff doctors use to make you not feel anything or kinda go out durring medical things, like how does it even work and what is it exactly?"
35,What is (are) Aneurysms ?,"An aneurysm is a bulge or ""ballooning"" in the wall of an artery. Arteries are blood vessels that carry oxygen-rich blood from the heart to other parts of the body. If an aneurysm grows large, it can burst and cause dangerous bleeding or even death. Most aneurysms occur in the aorta, the main artery that runs from the heart through the chest and abdomen. Aneurysms also can happen in arteries in the brain, heart and other parts of the body. If an aneurysm in the brain bursts, it causes a stroke. Aneurysms can develop and become large before causing any symptoms. Often doctors can stop aneurysms from bursting if they find and treat them early. They use imaging tests to find aneurysms. Often aneurysms are found by chance during tests done for other reasons. Medicines and surgery are the two main treatments for aneurysms. NIH: National Heart, Lung, and Blood Institute",,typos_grammar,"What are aneurisims exactly , and what does that even mean in the body ?"
36,What is (are) Angina ?,"Angina is chest pain or discomfort you feel when there is not enough blood flow to your heart muscle. Your heart muscle needs the oxygen that the blood carries. Angina may feel like pressure or a squeezing pain in your chest. It may feel like indigestion. You may also feel pain in your shoulders, arms, neck, jaw, or back. Angina is a symptom of coronary artery disease (CAD), the most common heart disease. CAD happens when a sticky substance called plaque builds up in the arteries that supply blood to the heart, reducing blood flow. There are three types of angina: - Stable angina is the most common type. It happens when the heart is working harder than usual. Stable angina has a regular pattern. Rest and medicines usually help. - Unstable angina is the most dangerous. It does not follow a pattern and can happen without physical exertion. It does not go away with rest or medicine. It is a sign that you could have a heart attack soon. - Variant angina is rare. It happens when you are resting. Medicines can help. Not all chest pain or discomfort is angina. If you have chest pain, you should see your health care provider. NIH: National Heart, Lung, and Blood Institute",,ambiguity,"what is that chest/heart thing people mean when they say angina, like is it just pain or some kind of attack or blood flow problem or what?"
37,Do you have information about Angioplasty,"Summary : If you have coronary artery disease, the arteries in your heart are narrowed or blocked by a sticky material called plaque. Angioplasty is a procedure to restore blood flow through the artery. You have angioplasty in a hospital. The doctor threads a thin tube through a blood vessel in the arm or groin up to the involved site in the artery. The tube has a tiny balloon on the end. When the tube is in place, the doctor inflates the balloon to push the plaque outward against the wall of the artery. This widens the artery and restores blood flow. Doctors may use angioplasty to - Reduce chest pain caused by reduced blood flow to the heart - Minimize damage to heart muscle from a heart attack Many people go home the day after angioplasty, and are able to return to work within a week of coming home. NIH: National Heart, Lung, and Blood Institute",,layperson,"do u have any info on that thing where they go in n kinda open up a blocked blood vessel or heart tube thing, like how it works an if its a big deal?"
38,What is (are) Animal Bites ?,"Wild animals usually avoid people. They might attack, however, if they feel threatened, are sick, or are protecting their young or territory. Attacks by pets are more common. Animal bites rarely are life-threatening, but if they become infected, you can develop serious medical problems. To prevent animal bites and complications from bites - Never pet, handle, or feed unknown animals - Leave snakes alone - Watch your children closely around animals - Vaccinate your cats, ferrets, and dogs against rabies - Spay or neuter your dog to make it less aggressive - Get a tetanus booster if you have not had one recently - Wear boots and long pants when you are in areas with venomous snakes If an animal bites you, clean the wound with soap and water as soon as possible. Get medical attention if necessary. Centers for Disease Control and Prevention",,incomplete,"what does it mean if some thing bit you, like from an animal or whatever, is that a big deal or just a normal skin thing?"
39,What is (are) Animal Diseases and Your Health ?,"Animal diseases that people can catch are called zoonoses. Many diseases affecting humans can be traced to animals or animal products. You can get a disease directly from an animal, or indirectly, through the environment. Farm animals can carry diseases. If you touch them or things they have touched, like fencing or buckets, wash your hands thoroughly. Adults should make sure children who visit farms or petting zoos wash up as well. Though they may be cute and cuddly, wild animals may carry germs, viruses, and parasites. Deer and deer mice carry ticks that cause Lyme disease. Some wild animals may carry rabies. Enjoy wildlife from a distance. Pets can also make you sick. Reptiles pose a particular risk. Turtles, snakes and iguanas can transmit Salmonella bacteria to their owners. You can get rabies from an infected dog or toxoplasmosis from handling kitty litter of an infected cat. The chance that your dog or cat will make you sick is small. You can reduce the risk by practicing good hygiene, keeping pet areas clean and keeping your pets' shots up-to-date.",,overgeneralization,"how do health problms from animals or pets even work, like can being around them make pepole sick in genral and affect your health n stuff?"
40,What is (are) Ankle Injuries and Disorders ?,"Your ankle bone and the ends of your two lower leg bones make up the ankle joint. Your ligaments, which connect bones to one another, stabilize and support it. Your muscles and tendons move it. The most common ankle problems are sprains and fractures. A sprain is an injury to the ligaments. It may take a few weeks to many months to heal completely. A fracture is a break in a bone. You can also injure other parts of the ankle such as tendons, which join muscles to bone, and cartilage, which cushions your joints. Ankle sprains and fractures are common sports injuries.",,typos_grammar,"What is/are ankle injurys and disorder's, like what do that even mean for the ankle ?"
41,What is (are) Ankylosing Spondylitis ?,"Ankylosing spondylitis is a type of arthritis of the spine. It causes inflammation between your vertebrae, which are the bones that make up your spine, and in the joints between your spine and pelvis. In some people, it can affect other joints. AS is more common and more severe in men. It often runs in families. The cause is unknown, but it is likely that both genes and factors in the environment play a role. Early symptoms of AS include back pain and stiffness. These problems often start in late adolescence or early adulthood. Over time, AS can fuse your vertebrae together, limiting movement. Some people have symptoms that come and go. Others have severe, ongoing pain. A diagnosis of AS is based on your medical history and a physical examination. You may also have imaging or blood tests. AS has no cure, but medicines can relieve symptoms and may keep the disease from getting worse. Eating a healthy diet, not smoking, and exercising can also help. In rare cases, you may need surgery to straighten the spine. NIH: National Institute of Arthritis and Musculoskeletal and Skin Disease",,ambiguity,"What is that long-term thing where your lower back/spine gets really stiff and inflamed over time, maybe even starts sort of fusing together or"
42,What is (are) Anthrax ?,"Anthrax is a disease caused by Bacillus anthracis, a germ that lives in soil. Many people know about it from the 2001 bioterror attacks. In the attacks, someone purposely spread anthrax through the U.S. mail. This killed five people and made 22 sick. Anthrax is rare. It affects animals such as cattle, sheep, and goats more often than people. People can get anthrax from contact with infected animals, wool, meat, or hides. It can cause three forms of disease in people. They are - Cutaneous, which affects the skin. People with cuts or open sores can get it if they touch the bacteria. - Inhalation, which affects the lungs. You can get this if you breathe in spores of the bacteria. - Gastrointestinal, which affects the digestive system. You can get it by eating infected meat. Antibiotics often cure anthrax if it is diagnosed early. But many people don't know they have anthrax until it is too late to treat. A vaccine to prevent anthrax is available for people in the military and others at high risk. NIH: National Institute of Allergy and Infectious Diseases",,layperson,"what is that bad infection thing people can get from animals or weird powder in the mail,, like what even is it and how does a person catch it?"
43,Do you have information about Antibiotic Resistance,"Summary : Antibiotics are medicines that fight bacterial infections. Used properly, they can save lives. But there is a growing problem of antibiotic resistance. It happens when bacteria change and become able to resist the effects of an antibiotic. Using antibiotics can lead to resistance. Each time you take antibiotics, sensitive bacteria are killed. But resistant germs may be left to grow and multiply. They can spread to other people. They can also cause infections that certain antibiotics cannot cure. Methicillin-resistant Staphylococcus aureus (MRSA) is one example. It causes infections that are resistant to several common antibiotics. To help prevent antibiotic resistance - Don't use antibiotics for viruses like colds or flu. Antibiotics don't work on viruses. - Don't pressure your doctor to give you an antibiotic. - When you take antibiotics, follow the directions carefully. Finish your medicine even if you feel better. If you stop treatment too soon, some bacteria may survive and re-infect you. - Don't save antibiotics for later or use someone else's prescription. Centers for Disease Control and Prevention",,incomplete,Do you have any info on when germs kinda stop responding to medicine and what that means?
44,Do you have information about Antibiotics,"Summary : Antibiotics are powerful medicines that fight bacterial infections. Used properly, antibiotics can save lives. They either kill bacteria or keep them from reproducing. Your body's natural defenses can usually take it from there. Antibiotics do not fight infections caused by viruses, such as - Colds - Flu - Most coughs and bronchitis - Sore throats, unless caused by strep If a virus is making you sick, taking antibiotics may do more harm than good. Using antibiotics when you don't need them, or not using them properly, can add to antibiotic resistance. This happens when bacteria change and become able to resist the effects of an antibiotic. When you take antibiotics, follow the directions carefully. It is important to finish your medicine even if you feel better. If you stop treatment too soon, some bacteria may survive and re-infect you. Do not save antibiotics for later or use someone else's prescription. Centers for Disease Control and Prevention",,overgeneralization,"do you have any info on meds people take when theyre sick, like the stuff for infections and other health problems in general?"
45,Do you have information about Antidepressants,"Summary : Antidepressants are medicines that treat depression. Your doctor can prescribe them for you. They work to balance some of the natural chemicals in our brains. It may take several weeks for them to help. There are several types of antidepressants. You and your doctor may have to try a few before finding what works best for you. Antidepressants may cause mild side effects that usually do not last long. These may include headache, nausea, sleep problems, restlessness, and sexual problems. Tell your doctor if you have any side effects. You should also let your doctor know if you take any other medicines, vitamins, or herbal supplements. It is important to keep taking your medicines, even if you feel better. Do not stop taking your medicines without talking to your doctor. You often need to stop antidepressants gradually. NIH: National Institute of Mental Health",,typos_grammar,do u have any infoormation abot anti depressnts and how they work maybe?
46,Do you have information about Antioxidants,"Summary : Antioxidants are man-made or natural substances that may prevent or delay some types of cell damage. Antioxidants are found in many foods, including fruits and vegetables. They are also available as dietary supplements. Examples of antioxidants include - Beta-carotene - Lutein - Lycopene - Selenium - Vitamin A - Vitamin C - Vitamin E Vegetables and fruits are rich sources of antioxidants. There is good evidence that eating a diet with lots of vegetables and fruits is healthy and lowers risks of certain diseases. But it isn't clear whether this is because of the antioxidants, something else in the foods, or other factors. High-dose supplements of antioxidants may be linked to health risks in some cases. For example, high doses of beta-carotene may increase the risk of lung cancer in smokers. High doses of vitamin E may increase risks of prostate cancer and one type of stroke. Antioxidant supplements may also interact with some medicines. To minimize risk, tell you of your health care providers about any antioxidants you use. NIH: National Center for Complementary and Integrative Health",,ambiguity,Do you know much about those things people take or eat that are supposed to help with damage or aging or like cell stuff?
47,What is (are) Anxiety ?,"Fear and anxiety are part of life. You may feel anxious before you take a test or walk down a dark street. This kind of anxiety is useful - it can make you more alert or careful. It usually ends soon after you are out of the situation that caused it. But for millions of people in the United States, the anxiety does not go away, and gets worse over time. They may have chest pains or nightmares. They may even be afraid to leave home. These people have anxiety disorders. Types include - Panic disorder - Obsessive-compulsive disorder - Post-traumatic stress disorder - Phobias - Generalized anxiety disorder Treatment can involve medicines, therapy or both. NIH: National Institute of Mental Health",,layperson,"what is it called when a person gets all nervouse n worked up for no real reason, like heart racing, cant calm down, mind wont stop etc and is that just a normal thing or some kinda problem?"
48,What is (are) Aortic Aneurysm ?,"An aneurysm is a bulge or ""ballooning"" in the wall of an artery. Arteries are blood vessels that carry oxygen-rich blood from the heart to other parts of the body. If an aneurysm grows large, it can burst and cause dangerous bleeding or even death. Most aneurysms are in the aorta, the main artery that runs from the heart through the chest and abdomen. There are two types of aortic aneurysm: - Thoracic aortic aneurysms - these occur in the part of the aorta running through the chest - Abdominal aortic aneurysms - these occur in the part of the aorta running through the abdomen Most aneurysms are found during tests done for other reasons. Some people are at high risk for aneurysms. It is important for them to get screening, because aneurysms can develop and become large before causing any symptoms Screening is recommended for people between the ages of 65 and 75 if they have a family history, or if they are men who have smoked. Doctors use imaging tests to find aneurysms. Medicines and surgery are the two main treatments. NIH: National Heart, Lung, and Blood Institute",,incomplete,"what is that aneurysm thing in the big artery, like what does it mean?"
49,What is (are) Aphasia ?,"Aphasia is a disorder caused by damage to the parts of the brain that control language. It can make it hard for you to read, write, and say what you mean to say. It is most common in adults who have had a stroke. Brain tumors, infections, injuries, and dementia can also cause it. The type of problem you have and how bad it is depends on which part of your brain is damaged and how much damage there is. There are four main types: - Expressive aphasia - you know what you want to say, but you have trouble saying or writing what you mean - Receptive aphasia - you hear the voice or see the print, but you can't make sense of the words - Anomic aphasia - you have trouble using the correct word for objects, places, or events - Global aphasia - you can't speak, understand speech, read, or write Some people recover from aphasia without treatment. Most, however, need language therapy as soon as possible. NIH: National Institute of Neurological Disorders and Stroke",,overgeneralization,"what does it usually mean when some1 suddenly has big problems talking or getting words out and maybe not understanding stuff right, is that like a general brain/language issue or just speech trouble?"
